平台,类别,序号,标题,点赞数,时长,发表日期,链接
小红书,香港储蓄险,1,2026第一批买港险的，已经后悔了!小心被割,1231,,2026-03-01,https://www.xiaohongshu.com/search_result/6973459c000000000b013413
小红书,香港储蓄险,2,3.53%全保证，是"后悔药"还是"安慰剂"？,43,,2026-03-03,https://www.xiaohongshu.com/search_result/69a6d1800000000028021c61
小红书,香港储蓄险,3,港险选美元还是人民币？选错亏几十万,11,,2026-03-06,https://www.xiaohongshu.com/search_result/69aa531f000000001a020bae
小红书,香港储蓄险,4,内地人来香港存钱：不能忽视的5个问题,106,,2026-02-28,https://www.xiaohongshu.com/search_result/69a2bcda000000001d0123b6
小红书,香港储蓄险,5,香港保险值不值得买❓超全分析+风险揭秘❗️,431,,2026-01-04,https://www.xiaohongshu.com/search_result/6959d55a000000001e026539
小红书,香港储蓄险,6,全网首度公开：2026香港保险储蓄险排行榜！,221,,2026-01-22,https://www.xiaohongshu.com/search_result/69724814000000001a02aa4c
小红书,香港储蓄险,7,救命啊！ 香港保险储蓄险的钱取不出来啊！,1265,,2026-01-24,https://www.xiaohongshu.com/search_result/6936674f000000001e00a987
小红书,香港储蓄险,8,港险分红回撤是怎么回事？监管限高影响大吗,223,,2025-02-21,
小红书,香港储蓄险,9,保诚高管首次正面回应分红实现率问题,249,,2025-12-26,
小红书,香港储蓄险,10,看懂港险，不要被人忽悠了！,665,,2025-06-22,
小红书,存钱养老,1,3月养老年金险大洗牌，终身月领10000💰,4151,,2026-03-04,https://www.xiaohongshu.com/search_result/671714160000000024014f8a
小红书,存钱养老,2,35岁备200万+，提前退休领钱到老!,28000,,2026-02-25,https://www.xiaohongshu.com/search_result/667a7f4f000000001e011ac6
小红书,存钱养老,3,女性8.5%专属存款，每月7000利息，领一辈子,3011,,2026-02-13,https://www.xiaohongshu.com/search_result/698c330c00000000280083f1
小红书,存钱养老,4,女性8.5%专属存款，每月7000利息，领一辈子,2127,,2026-02-01,https://www.xiaohongshu.com/search_result/697b2c750000000028020b59
小红书,存钱养老,5,手里有150万，45岁提前退休，年领12W领到老,4831,,2026-03-05,https://www.xiaohongshu.com/search_result/633cdf87000000001c02faea
小红书,存钱养老,6,中产150万+每年15万，45岁退休领20万养老金,7458,,2026-02-03,https://www.xiaohongshu.com/search_result/650bdfa5000000001e00cf14
小红书,存钱养老,7,2026年攒钱计划，争取十年后退休！,27000,,2026-01-25,https://www.xiaohongshu.com/search_result/697620cf0000000022032743
小红书,存钱养老,8,40岁有100万，50岁就退休了！终身年领12万！,2085,,2026-03-05,https://www.xiaohongshu.com/search_result/636dfb8d00000000240202db
小红书,存钱养老,9,36岁有160万，两代人这辈子都花不完,2603,,2025-07-04,
小红书,存钱养老,10,100万给巨头保险集团，终身15万/年，剩493万,3084,,2025-08-08,
抖音,香港储蓄险,1,香港储蓄险7大隐形套路揭秘，没人敢明说！,740,13:00,2026-02-07,
抖音,香港储蓄险,2,香港保险是骗局？真实揭秘香港储蓄险利与弊,134,06:55,2026-02-23,
抖音,香港储蓄险,3,2026香港储蓄险，TOP10硬核点评,557,15:17,2026-01-31,
抖音,香港储蓄险,4,2026香港储蓄险挑选指南,293,05:12,2026-01-07,
抖音,香港储蓄险,5,耗时两个月！香港储蓄险硬核50问,290,18:03,2026-03-05,
抖音,香港储蓄险,6,全世界最大的忽悠，就是香港保险？小心被收割,15,06:03,2026-03-10,
抖音,香港储蓄险,7,港险8600字超全科普：到底是纯忽悠，还是增值利器？,65,26:34,2026-03-10,
抖音,香港储蓄险,8,2026香港储蓄险开门红，宏利家传承，卷王实锤,116,08:01,2026-01-19,
抖音,香港储蓄险,9,网传香港养老年金保证8%，你上当了吗？,228,08:52,2025-11-23,
抖音,香港储蓄险,10,香港保险适合这3种人买！理由非常多,5240,08:37,2022-10-23,
抖音,存钱养老,1,2026年的今天，建议大家不要过度存钱！,10000,05:12,2026-03-05,
抖音,存钱养老,2,我有存款就可以了，为什么要买养老保险,113,06:20,2026-01-24,
抖音,存钱养老,3,20万存款和每月2000退休金哪个更好？,4289,07:11,2026-01-16,
抖音,存钱养老,4,中年人一定要提前做养老规划,3195,00:58,2026-01-02,
抖音,存钱养老,5,手握100万存款 VS 每月5000退休金，哪个养老更爽？,1792,08:10,2026-01-02,
抖音,存钱养老,6,存钱的保险，增额寿、养老年金、快返年金，到底选什么？,1727,02:32,2026-01-02,
抖音,存钱养老,7,年息5%月月领！50万存两年就躺平养老，收息4166/月,717,01:13,2026-02-06,
抖音,存钱养老,8,银行100万储蓄 三代养老不愁,359,00:38,2026-02-28,
抖音,存钱养老,9,中行旗下保司 终身月领4000+养老传承双保障,101,00:24,2026-01-08,
抖音,存钱养老,10,中行5%新型年金，50万连存两年，每年5万领终身！,261,00:31,2026-01-03,
